name,math,science,english,average
Sara,15,18,14,15.666666666666666
John,17,16,19,17.333333333333332
Rania,14,15,16,15.0
